<?xml version="1.0" encoding="UTF-8"?>
<rss version="2.0" xmlns:ror="http://rorweb.com/0.1/" >
<channel>
  <title>ROR Sitemap for https://lociones.perfuvalle.com/</title>
  <link>https://lociones.perfuvalle.com/</link>

<item>
     <link>https://lociones.perfuvalle.com/</link>
     <title>Perfuvalle - Lociones y Fragancias Premium | Tienda Online</title>
     <description>Descubre las mejores lociones y fragancias en Perfuvalle. Catálogos premium para hombres, mujeres y fragancias árabes. Calidad garantizada.</description>
     <ror:updatePeriod></ror:updatePeriod>
     <ror:sortOrder>0</ror:sortOrder>
     <ror:resourceOf>sitemap</ror:resourceOf>
</item>
<item>
     <link>https://lociones.perfuvalle.com/masculinas.html</link>
     <title>Fragancias Masculinas Premium | Perfuvalle - Catálogo Completo</title>
     <description>Descubre nuestra exclusiva colección de fragancias masculinas. Desde frescos deportivos hasta intensos amaderados. Descarga nuestro catálogo PDF.</description>
     <ror:updatePeriod></ror:updatePeriod>
     <ror:sortOrder>1</ror:sortOrder>
     <ror:resourceOf>sitemap</ror:resourceOf>
</item>
<item>
     <link>https://lociones.perfuvalle.com/femeninas.html</link>
     <title>Fragancias Femeninas Premium | Perfuvalle - Catálogo Completo</title>
     <description>Descubre nuestra exclusiva colección de fragancias femeninas. Desde delicados florales hasta seductores orientales. Descarga nuestro catálogo PDF.</description>
     <ror:updatePeriod></ror:updatePeriod>
     <ror:sortOrder>1</ror:sortOrder>
     <ror:resourceOf>sitemap</ror:resourceOf>
</item>
<item>
     <link>https://lociones.perfuvalle.com/arabes.html</link>
     <title>Fragancias Árabes Premium | Perfuvalle - Catálogo Exclusivo</title>
     <description>Descubre nuestra exclusiva colección de fragancias árabes. Aromas intensos y exóticos con oud, especias y esencias orientales. Descarga nuestro catálogo PDF.</description>
     <ror:updatePeriod></ror:updatePeriod>
     <ror:sortOrder>1</ror:sortOrder>
     <ror:resourceOf>sitemap</ror:resourceOf>
</item>
</channel>
</rss>
  